Абрекская улица;1891;в списке 1891
Абрикосовая улица;-
Абрикосовый переулок;-
улица Августовского;2016;Постановление администрации г. Владивостока от 08.04.2016 N 1063
улица Авиаторов;-
улица Авраменко;1924;бывший Интендантский переулок;https://t.me/vvtopo/177
Авроровская улица;1936;до этого с 1907 года Аскольдская;wikimapia
улица Адмирала Горшкова;-
улица Адмирала Корнилова;2023;Постановление администрации г. Владивостока от 15.08.2023 N 2056
улица Адмирала Кузнецова;1996;бывшая часть улицы Патриса Лумумбы (https://t.me/ochkuryvl/3626)
улица Адмирала Макарова;1957;Упомянута в списке 1957 г.;wikimapia
переулок Адмирала Макарова;1957;Упомянут в списке 1957 г.;wikimapia
улица Адмирала Смирнова;-
улица Адмирала Угрюмова;-
улица Адмирала Фокина;1964;https://t.me/vvtopo/151
улица Адмирала Юмашева;1996;бывшая часть улицы Патриса Лумумбы (https://t.me/ochkuryvl/3626)
Азовская улица;1924;https://t.me/vvtopo/176
Аирная улица;2022;Постановление администрации г. Владивостока от 13.05.2022 N 1044
Аистовая улица;2021;Постановление администрации г. Владивостока от 01.02.2021 N 288
Айвазовского улица;-
улица Академика Комарова;1955;https://t.me/vvtopo/241
улица Академика Воронова;2006;https://t.me/ochkuryvl/3626
улица Академика Крушанова;2006;https://t.me/ochkuryvl/3626
Академический переулок;1929;Изначально — Костёльная (Костёльный или Костёльский пер.). Образована 18 августа 1908 г. в Нахальной слободе.;wikimapia
Переименована в Академический пер. в период между 1929 и 1936 гг. 
Аквамариновая улица;2016;Постановление администрации г. Владивостока от 08.04.2016 N 1063
улица Акимушкина;2023;Постановление администрации г. Владивостока от 30.01.2023 N 182
Аксаковская улица;1924;Упомянута в справочнике 1924 г.;wikimapia
улица Александра Грина;1990;25 мая 1990 года;wikimapia
улица Александровича;1961;бывшая Последняя (https://t.me/ochkuryvl/3626)
улица Алексея Зубова;2025;Постановление администрации г. Владивостока от 01.04.2025 N 880
Алеутская улица;1880;дата примерная
улица Аллилуева;1984;29 декабря 1983 г. было принято решение об увековечении памяти А. С. Аллилуева. 10 февраля 1984 г. его именем была названа новая улица.;wikimapia
Алтайская улица;-
Альбатросовая улица;-
улица Алябьева;-
Амадиновая улица;2021;Постановление администрации г. Владивостока от 01.02.2021 N 288
Амарантовая улица;2022;Постановление администрации г. Владивостока от 13.05.2022 N 1044
Американская улица;1990;wikimapia: 25 мая 1990 года
Аметистовая улица;2016;Постановление администрации г. Владивостока от 08.04.2016 N 1063
улица Амундсена;1937;Образована 16 ноября 1937 года.;wikimapia
Амурская улица;1907;http://wikimapia.org/street/15474324/ru/%D0%90%D0%BC%D1%83%D1%80%D1%81%D0%BA%D0%B0%D1%8F-%D1%83%D0%BB
улица Аникушина;2001;https://t.me/ochkuryvl/3626
улица Анисимова;2002;Образована 23 июля 2002 г.;wikimapia
Анисовая улица;2022;Постановление администрации г. Владивостока от 13.05.2022 N 1044
улица Анны Щетининой;-
Анучинская улица;2001;https://t.me/ochkuryvl/3626
Анютинская улица;-
Апухтина улица;-
Аральская улица;-
Аренского улица;-
Арсенальная улица;-
Арсеньева улица;-
Артековская улица;-
Артемовская улица;2020;Постановление администрации г. Владивостока от 13.03.2020 N 1033
Архангельская улица;2016;Постановление администрации г. Владивостока от 08.04.2016 N 1063
Астрономический переулок;-
переулок Бабинова;2025;Постановление администрации г. Владивостока от 01.04.2025 N 880
улица Багратиона;-
улица Байдукова;1937;Образована 16 ноября 1937 г.;wikimapia
Байкальская улица;-
Бакинская улица;1924;Упоминается в справочнике 1924 г.;wikimapia
Бакунина улица;-
улица Балакирева;2021;Постановление администрации г. Владивостока от 01.02.2021 N 288
Балкерная улица;2023;Постановление администрации г. Владивостока от 30.01.2023 N 182
Балтийская улица;-
Балтовская улица;1924;Упоминается в справочнике 1924 г. Историческое направление — с запада на восток.;wikimapia
улица Баляева;1965;https://t.me/vvtopo/241
улица Баневура;1985;https://t.me/vvtopo/241
улица Баратынского;2021;Постановление администрации г. Владивостока от 01.02.2021 N 288
Барбарисовая улица;-
Барбетная улица;-
Баркасная улица;2020;Постановление администрации г. Владивостока от 13.03.2020 N 1033
улица Барклая;2006;https://t.me/ochkuryvl/3626
Барсовая улица;1997;Постановление мэра г. Владивостока от 29.05.1997 №1377
Бархатная улица;1964;Образована 16 июля 1964 года.;wikimapia
улица Басаргина;1924;В списке 1924 года упомянута как "Басаргинская (Гнилой Угол)". Указана как упразднённая в списке 1938 г.;wikimapia
Бассейновая улица;-
Батарейная улица;1923;упомянута в отчёте от 20 августа 1923 г. Изначально — ул. Скалистая. Упомянута в списке 1891 г.
улица Батаршина;2024;Постановление администрации г. Владивостока от 19.04.2024 N 951
Батумская улица;1923;Упомянута в отчёте от 20 августа 1923 г.;wikimapia
улица Башидзе;1932;Изначально — Старообрядческий пер. Переименован в честь Н. Ф. Башидзе 6 ноября 1932 г.;wikimapia
Бежецкая улица;1924;Отмечена без названия на карте 1913 г. и плане 1915 г. Как ул. Бежецкая упомянута в справочнике 1924 г.;wikimapia
Безымянный переулок;-
улица Белинского;-
Беломорская улица;-
улица Беляева;1970;Образована 19 ноября 1970 года.;wikimapia
улица Белякова;1937;Образована 16 ноября 1937 г.;wikimapia
Береговая улица;1869;есть на плане за этот год
Берёзовая улица;1924;https://t.me/vvtopo/176
переулок Беринга;-
Беркутовая улица;2021;Постановление администрации г. Владивостока от 01.02.2021 N 288
улица Бестужева;1917;Изначально — южная часть ул. Корейской. Отмечена без названия на плане 1869 г. Получила своё современное название в 1917 г. Также упоминается как ул. Штабная (справочник 1924 года).;wikimapia
улица Бетховена;2022;Постановление администрации г. Владивостока от 11.02.2022 N 285
улица Бианки;2021;Постановление администрации г. Владивостока от 19.03.2021 N 964
Бийская улица;-
Биологический переулок;-
Богатырская улица;2021;Постановление администрации г. Владивостока от 01.02.2021 N 288
Боевой переулок;2021;Постановление администрации г. Владивостока от 01.02.2021 N 288
Большекаменская улица;-
улица Борисенко;1966;до того – Загородная (https://t.me/ochkuryvl/3626)
Бородинская улица;1962;Образована 12 октября 1962 г.;wikimapia
улица Босфора;1957;Упомянута в справочнике 1957 г.;wikimapia
Боярышниковая улица;2021;Постановление администрации г. Владивостока от 01.02.2021 N 288
Братская улица;1957;Изначально — улица Ермакская (Ермаковская). Впервые упомянута в списке 1883 года. Переименована в Буденновскую в период с 1929 по 1936 гг. Переименована в Братскую 19 ноября 1957 года.;wikimapia
Брестская улица;1963;Упомянута в списках 1963, 1964 и 1968 гг.;wikimapia
Брестский переулок;1968;Образован 21 ноября 1968 года.;wikimapia
улица Бринера;-
Брусничная улица;2020;Постановление администрации г. Владивостока от 13.03.2020 N 1033
улица Брюллова;-
улица Брюсова;2022;Постановление администрации г. Владивостока от 13.05.2022 N 1044
Брянская улица;1924;Изначально — ул. Казатинская(?). Переименована в ул. Брянскую не позже 1924 года.;wikimapia
Буковая улица;1924;Упоминается в справочнике 1924 г.;wikimapia
Буксирная улица;2021;Постановление администрации г. Владивостока от 01.02.2021 N 288
Бульварная улица;1924;https://t.me/vvtopo/176
улица Бурачка;1987;Изначально Двугорбовая. Впервые упомянута в списке 1954 г. Переименована в ул. Бурачка 4 декабря 1987 г.;wikimapia
Буреинская улица;1956;https://t.me/ochkuryvl/3626
улица Буссе;1908;Образована 18 августа 1908 года. Проектное название — Боярская.;wikimapia
Буферная улица;-
улица Бянкина;2022;Постановление администрации г. Владивостока от 11.02.2022 N 285
улица Вавилова;1965;16.09.1965
Васильковая улица;-
улица Васнецова;2018;Постановление администрации г. Владивостока от 07.06.2018 N 1744
улица Ватутина;1950;Образована 21 июля 1950 года.;wikimapia
улица Венюкова;2019;Постановление администрации г. Владивостока от 07.06.2019 N 2240
Вересковая улица;-
улица Верещагина;-
переулок Верещагина;2020;Постановление администрации г. Владивостока от 03.06.2020 N 1992
улица Вертинского;2021;Постановление администрации г. Владивостока от 01.02.2021 N 288
Вертолетная улица;-
Верхнепортовая улица;1924;https://t.me/vvtopo/176
Верхнеславянская улица;-
Верхняя улица;-
Весенняя улица;-
Ветвистая улица;2022;Постановление администрации г. Владивостока от 11.02.2022 N 285
Ветеранов улица;-
Ветреная улица;2022;Постановление администрации г. Владивостока от 13.05.2022 N 1044
Взлетная улица;-
Видная улица;2024;Постановление администрации г. Владивостока от 19.04.2024 N 951
улица Визбора;2021;Постановление администрации г. Владивостока от 01.02.2021 N 288
улица Вилкова;1965;Переименована в ул. Вилкова 8 мая 1965 г.;https://t.me/vvtopo/241
Вилючинская улица;2025;https://t.me/vvtopo/306
Виноградная улица;1997;Постановление мэра г. Владивостока Приморского края от 29.05.1997 №1377
Виноградный переулок;-
улица Виттенбурга;2022;Постановление администрации г. Владивостока от 11.02.2022 N 285
Вишневая улица;-
улица ВИР;-
Владикавказская улица;1923;Упомянута в отчёте от 20 августа 1923 г.;wikimapia
улица Владимира Боровикова;2025;Постановление администрации г. Владивостока от 01.04.2025 N 880
Водолазная улица;2021;Постановление администрации г. Владивостока от 01.02.2021 N 288
2-я Водопроводная улица;-
улица Военное Шоссе;1954;Упомянуто в списке 1954 г.;wikimapia
Вознесенская улица;2020;Постановление администрации г. Владивостока от 13.03.2020 N 1033
Вокзальная улица;1924;Упомянута в справочнике 1924 г.;wikimapia
Волгоградская улица;-
Волжская улица;-
улица Волкова;1971;https://t.me/ochkuryvl/3626
Волнистая улица;2022;Постановление администрации г. Владивостока от 11.02.2022 N 285
улица Володарского;1923;Изначально — ул. 4-я Портовая. Отмечена на плане 1900 г. Переименована в ул. Невельскую (им. Невельского) 18 августа 1908 г. Переименована ул. Володарского 26 апреля 1923 г.;wikimapia
Волочаевская улица;1931;Изначально Екатерининская. Образована 3 (18) декабря 1907 г. Переименована в Волочаевскую в период между 1931 и 1933 гг.;wikimapia
Волховская улица;-
Воробьиная улица;2021;Постановление администрации г. Владивостока от 01.02.2021 N 288
Воровского улица;-
Воронежская улица;1955;https://t.me/vvtopo/304
улица Воропаева;1975;https://t.me/vvtopo/241
Восточный проспект;-
1-я Восточная улица;1924;https://t.me/vvtopo/176
2-я Восточная улица;1924;https://t.me/vvtopo/176
3-я Восточная улица;1924;https://t.me/vvtopo/176
4-я Восточная улица;-
5-я Восточная улица;-
6-я Восточная улица;-
3-й Восточный переулок;-
улица Вострецова;1965;Изначально Куринская. Возможно ещё раньше называлась Трубной. Оба названия упомянуты в справочнике 1924 года. Переименована 8 мая 1965 года.;wikimapia
Восьмая улица;-
улица Врубеля;2020;Постановление администрации г. Владивостока от 13.03.2020 N 1033
улица Всеволода Сибирцева;1924;бывшая Ботаническая;https://t.me/vvtopo/177
1-я Встречная улица;-
3-я Встречная улица;-
Вторая улица;-
Выселковая улица;1924;Упомянута в справочнике 1924 года.;wikimapia
Высокая улица;-
Высоковольтная улица;1950;Образована 21.07.1950;wikimapia
Высотная улица;-
Вязовая улица;1956;https://t.me/ochkuryvl/3626
улица Гагаринского;2006;https://t.me/ochkuryvl/3626
улица Гамарника;-
3-я Гарнизонная улица;1954;Образована 06.08.1954;wikimapia
улица Гаршина;1907;Гаршинская ул. образована 3 (18) декабря 1907 г.;wikimapia
улица Гастелло;1941;https://t.me/ochkuryvl/3626
улица Гассе;-
Гвардейская улица;-
Географический переулок;-
улица Героев Варяга;-
улица Героев-Даманцев;2016;Постановление администрации г. Владивостока от 08.04.2016 N 1063
улица Героев-Тихоокеанцев;1985;https://t.me/vvtopo/241
улица Героев Хасана;1938;Образована 08.12.1938;wikimapia
улица Герцена;-
Главная улица;-
Главный переулок;1996;https://t.me/ochkuryvl/3626
улица Глазунова;2021;Постановление администрации г. Владивостока от 01.02.2021 N 288
улица Глинки;-
улица Гоголя;1907;Образована 3 (18) декабря 1907 г.;wikimapia
улица Голицына;2016;Постановление администрации г. Владивостока от 08.04.2016 N 1063
Голубичная улица;1997;Постановление мэра г. Владивостока Приморского края от 29.05.1997 №1377
Горийская улица;1923;Упомянута в отчёте от 20 августа 1923 г. 16 февраля 1962 года переименована в ул. Бикинскую. Переименована обратно в период между 1964 и 1968 гг.;wikimapia
Горицветная улица;-
Горная улица;1883;Упомянута в списке 1883 г.;wikimapia
Горный переулок;1906;https://t.me/vvtopo/279
улица Горького;-
Градовая улица;-
Гранитная улица;-
Гражданская улица;-
1-я Гражданская улица;-
2-я Гражданская улица;-
улица Грекова;-
улица Грибоедова;-
улица Гризодубовой;1938;Образована 8 декабря 1938 г.;wikimapia
Грозовая улица;-
улица Громова;1937;Образована 17.11.1937.;wikimapia
Грушевая улица;-
улица Грязелечебница;-
улица Гульбиновича;1932;Переименована из Измаильской в честь А. А. Гульбиновича 6 ноября 1932 г.
переулок Гульбиновича;-
Гусарский переулок;2022;Постановление администрации г. Владивостока от 11.02.2022 N 285
улица Давыдова;-
Дальзаводская улица;1929;Изначально Шефнеровская. Переименована в Дальзаводскую в период между 1929 и 1936 гг.;wikimapia
Дальнегорская улица;-
Дальняя улица;2018;Постановление администрации г. Владивостока от 07.06.2018 N 1744
Дачная улица;-
1-я Дачная улица;-
Дачный переулок;-
Двенадцатая улица;-
Двинская улица;2022;Постановление администрации г. Владивостока от 13.05.2022 N 1044
Девятая улица;1924;https://t.me/vvtopo/176
улица Дежнёва;-
улица Демьяна Бедного;-
Деповская улица;-
Деревенская улица;-
улица Державина;1907;Образована 3 (18) декабря 1907 г.;wikimapia
улица Дерюгина;2023;Постановление администрации г. Владивостока от 30.01.2023 N 182
Десантная улица;2014;Постановление администрации г. Владивостока от 15.07.2014 N 7237
Десятая улица;-
улица Джамбула;-
Дивная улица;2022;Постановление администрации г. Владивостока от 13.05.2022 N 1044
Днепровская улица;1924;Упомянута в справочнике 1924 г.;wikimapia
Днепровский переулок;-
Днепропетровская улица;-
улица Дмитриева;2021;Постановление администрации г. Владивостока от 01.02.2021 N 288
улица Добровольского;1971;https://t.me/ochkuryvl/3626
улица Добролюбова;-
Дозорный переулок;2023;Постановление администрации г. Владивостока от 30.01.2023 N 182
улица Докучаева;-
Донская улица;2021;Постановление администрации г. Владивостока от 01.02.2021 N 288
Дорожный переулок;2023;Постановление администрации г. Владивостока от 30.01.2023 N 182
улица Достоевского;1909;Отмечена на плане 1909 г.
Дружная улица;2021;Постановление администрации г. Владивостока от 01.02.2021 N 288
Дубовая улица;1924;https://t.me/vvtopo/176
Дубравная улица;2023;Постановление администрации г. Владивостока от 15.08.2023 N 2056
Ежевичная улица;2020;Постановление администрации г. Владивостока от 13.03.2020 N 1033
Елецкая улица;-
Енисейская улица;1962
Есенина улица;-
Ёлочная улица;1924;https://t.me/vvtopo/176
Жариковская улица;1990;Изначально Детская. Переименована 19 января 1990 г.;wikimapia
Железнодорожная улица;-
Живительный переулок;2023;Постановление администрации г. Владивостока от 30.01.2023 N 182
улица Жигура;1944;https://t.me/vvtopo/232
улица Жуковского;1909;Впервые обозначена на карте 1909 г.;wikimapia
Журавлиная улица;2019;Постановление администрации г. Владивостока от 07.06.2019 N 2240
Забайкальская улица;-;(в ред. Постановления администрации г. Владивостока от 08.04.2016 N 1063)
Завойко улица;-;(в ред. Постановления администрации г. Владивостока от 08.04.2016 N 1063)
Загородная улица;2016;Постановление администрации г. Владивостока от 08.04.2016 N 1063
Залесная улица;-
Западная улица;1935;ранее Тюремная
Запорожская улица;1924;https://t.me/vvtopo/176
Запорожский переулок;-
Заречная улица;-
Заречная 1-я улица;-
улица Захарова;1979;до этого 2-я Морская
Звездная улица;2021;Постановление администрации г. Владивостока от 01.02.2021 N 288
Звонкий переулок;2022;Постановление администрации г. Владивостока от 11.02.2022 N 285
Зейская улица;1906;https://t.me/vvtopo/279
Зеленая улица;-
Зелёная улица;-
Зеленый бульвар;2019;Постановление администрации г. Владивостока от 07.06.2019 N 2240
Зелёный бульвар;2019;Постановление администрации г. Владивостока от 07.06.2019 N 2240
Зеленый переулок;-
Зелёный переулок;-
Земляничная улица;-
улица Зои Космодемьянской;1954;но wikimapia не уверена;wikimapia
Золотистый переулок;2022;Постановление администрации г. Владивостока от 11.02.2022 N 285
Зябликовая улица;2021;Постановление администрации г. Владивостока от 01.02.2021 N 288
Ивановская улица;1891;в списке 1891
Ивовая улица;2020;Постановление администрации г. Владивостока от 13.03.2020 N 1033
Иволговая улица;2021;Постановление администрации г. Владивостока от 01.02.2021 N 288
Извилистая улица;2016;Постановление администрации г. Владивостока от 08.04.2016 N 1063
Изюбриевая улица;1997;Постановление мэра г. Владивостока от 29.05.1997 №1377
улица Ильичева;1965;https://t.me/vvtopo/241
Ильменская улица;-
Иманская улица;1923;wikimapia
Импортная улица;-
Инженерная улица;-
Инженерный переулок;1917;Отмечен на плане 1917-22 гг.;wikimapia
Интернациональная улица;1924;Переименована из Хотинской не позже 1924 г.;wikimapia
Ирисовая улица;1997;Постановление мэра г. Владивостока Приморского края от 29.05.1997 №1377
Иркутская улица;-
Иртышская улица;1924;https://t.me/vvtopo/176
Иртышский переулок;1955;https://t.me/vvtopo/241
Исторический переулок;-
Ишимская улица;-
улица Казакевича;2016;Постановление администрации г. Владивостока от 08.04.2016 N 1063
Кавалеровский переулок;2023;Постановление администрации г. Владивостока от 30.01.2023 N 182
Казанская улица;1924;https://t.me/vvtopo/177; бывший Военный переулок
улица Калинина;1924;Изначально — ул. Южно-Светланская. Переименована в ул. Калинина 24 января 1924 года.
Калининградская улица;-
Калиновая улица;1996;https://t.me/ochkuryvl/3626
улица Каляева;-
Камская улица;-
Камский переулок;-
Канатный переулок;-
Канская улица;-
улица Капитана Шефнера;1985;18 апреля 1985 г. переименована из Авангардной в честь морского офицера Алексея Карловича Шефнера;wikimapia
Капонирная улица;-
улица Каплунова;1982;Образована 22 июля 1982 г.;wikimapia
улица Карамзина;1907;Образована 3 (18) декабря 1907 г.;wikimapia
улица Карбышева;1979;Образована в 1979 г.;wikimapia
улица Карла Либкнехта;1932;Постановление Владивостокского Совета от 6 ноября 1932 г.
улица Карпинского;-
Карская улица;1924;https://t.me/vvtopo/176
Карьерная улица;1957;Упомянута в списке 1957 г.;wikimapia
Карьерный переулок;-
Карякинская улица;-
Каспийская улица;-
Каспийский переулок;1956;https://t.me/ochkuryvl/3626
Катерная улица;1960;Образована 8 апреля 1960 года;wikimapia
Каштановая улица;1963;Упомянута в списках 1963; 1964 и 1968 гг.;wikimapia
Квартальный переулок;2023;Постановление администрации г. Владивостока от 30.01.2023 N 182
Кедровый переулок;-
Кемеровская улица;2023;Постановление администрации г. Владивостока от 30.01.2023 N 182
Керченская улица;1924;https://t.me/vvtopo/176
Киевская улица;1924;https://t.me/vvtopo/177
Кизиловая улица;1924;https://t.me/vvtopo/177
Кизлярская улица;1924;https://t.me/vvtopo/176
Килевой переулок;2022;Постановление администрации г. Владивостока от 13.05.2022 N 1044
Кипарисовая улица;1957;Впервые упоминается в списке 1957 года;wikimapia
улица Кирова;1937
Кирочный переулок;2023;Постановление администрации г. Владивостока от 15.08.2023 N 2056
улица Кириллова;-
Китовый переулок;2022;Постановление администрации г. Владивостока от 13.05.2022 N 1044
улица Клавдии Шульженко;2018;Постановление администрации г. Владивостока от 07.06.2018 N 1744
улица Клевера;-
Кленовая улица;-
Клинская улица;-
улица Клыкова;1992;Образована 24 марта 1992 года.;wikimapia
улица 3-й Ключ;-
улица 4-й Ключ;1956;https://t.me/ochkuryvl/3626
улица 5-й Ключ;1956;https://t.me/ochkuryvl/3626
Ключевая улица;1900;Как ул. Ключевая обозначена на плане 1900 г.;wikimapia
улица Ковальчука;1932;Изначально Вороновская. Упомянута в списке 1883 г. Переименована 6 ноября 1932 г.;wikimapia
улица Колесника;1971;прежнее название – Верхнеишимская (https://t.me/ochkuryvl/3626)
Колоритная улица;2025;Постановление администрации г. Владивостока от 01.04.2025 N 880
Командорская улица;1954;Образована 6 августа 1954 года.;wikimapia
Комитетская улица;-
улица Коммунаров;1924;https://t.me/vvtopo/177
улица Коммуны;-
Комсомольская улица;1932;переименованная Благовещенская
Корабельная набережная;1929;до этого Адмиральская наб.
Корабельный переулок;-
улица Короленко;-
Короткая улица;-
улица Космонавтов;1970;Название присвоено 19 ноября 1970 года.;wikimapia
улица Котельникова;-
улица Кочубея;-
переулок Кочубея;-
улица Краева;1979;Переименованная Иманская (30 марта 1979 года);wikimapia https://t.me/ochkuryvl/2603
улица Крамского;2018;Постановление администрации г. Владивостока от 07.06.2018 N 1744
Красноармейский переулок;-
проспект Красного Знамени;1967;переименован в честь газеты
Краснодонская улица;-
Краснозаводская улица;-
Краснознамённый переулок;1930;Маркеловский пер. по фамилии домовладельца Маркелова — на плане 1900 г. Переименован в Краснознамённый пер. в период 1929-1936 гг.;wikimapia
Крещенская улица;2021;Постановление администрации г. Владивостока от 01.02.2021 N 288
1-я Круговая улица;-
2-я Круговая улица;-
3-я Круговая улица;-
4-я Круговая улица;-
1-я Крутая улица;-
2-я Крутая улица;-
улица Крыгина;1965;https://t.me/vvtopo/262
Крылатый переулок;-
улица Крылова;1907;Крыловская ул. образована 3 (18) декабря 1907 г.;wikimapia
Крымская улица;-
Кубанская улица;-
Кузбасская улица;2022;Постановление администрации г. Владивостока от 11.02.2022 N 285
улица Куинджи;2016;Постановление администрации г. Владивостока от 08.04.2016 N 1063
улица Куйбышева;1941;Образована 25.07.1941. Изначально шла севернее сопки Комарова.;https://t.me/ochkuryvl/3626|wikimapia
Курильская улица;-
улица Курчатова;-
Кустарный переулок;2023;Постановление администрации г. Владивостока от 30.01.2023 N 182
улица Кутузова;-
улица Лаврова;1924;https://t.me/vvtopo/177; бывш Переселенческий пер.
Ладожская улица;-
улица Ладыгина;1950;Образована 21 июля 1950 года. В нынешнем месте появилась не раньше 1972 года.;wikimapia
улица Лазо;1924;https://t.me/vvtopo/177; бывшая Полтавская
Лазовская улица;2020;Постановление администрации г. Владивостока от 13.03.2020 N 1033
Лазуритовый переулок;2023;Постановление администрации г. Владивостока от 30.01.2023 N 182
Лазурная улица;-
Ландышевая улица;-
Ланинский переулок;1891;в списке 1891 года Ланинская ул.
улица Лаптева;-
Ласточкина улица;2021;Постановление администрации г. Владивостока от 01.02.2021 N 288
улица Лебедева;-
улица Левитана;2018;Постановление администрации г. Владивостока от 07.06.2018 N 1744
Левобережная улица;-
улица Лейтенанта Шмидта;1923;переименована из Приморской 26 апреля 1923 года
Ленский переулок;-
улица Леонова;1979;https://t.me/vvtopo/262
Леопардовая набережная;2016;Постановление администрации г. Владивостока от 14.07.2016 года №2103
Лепестковая улица;2022;Постановление администрации г. Владивостока от 13.05.2022 N 1044
улица Лескова;-
Лесная улица;-
1-я Лесная улица;-
2-я Лесная улица;-
3-я Лесная улица;-
Лесной переулок;1923;wikimapia
Лесопитомник улица;-
1-я Линейная улица;-
2-я Линейная улица;-
3-я Линейная улица;-
Липовая улица;1924;https://t.me/vvtopo/177
Лиственничная улица;-
Листопадная улица;2016;Постановление администрации г. Владивостока от 08.04.2016 N 1063
Литовская улица;-
Ломаная улица;-
улица Ломоносова;-
переулок Лопатина;2025;Постановление администрации г. Владивостока от 01.04.2025 N 880
улица Лоскутова;2016;Постановление администрации г. Владивостока от 08.04.2016 N 1063
Лоцманская улица;2019;Постановление администрации г. Владивостока от 07.06.2019 N 2240
Луговая улица;1883;Упомянута в списке 1883 г.(?);wikimapia
улица Лукина;2016;Постановление администрации г. Владивостока от 08.04.2016 N 1063
улица Лукоморье;1990;wikimapia: 25 мая 1990 года
Лунная улица;-
улица Луцкого;1990;сперва Успенская / с 1923 Жертв Революции / с 1990 в честь революционера Луцкого;wikimapia
Лучезарный переулок;2023;Постановление администрации г. Владивостока от 30.01.2023 N 182
Лучистая улица;2017;Постановление администрации г. Владивостока от 07.04.2017 N 948
Лянчихинская улица;-
улица Маака;2019;Постановление администрации г. Владивостока от 07.06.2019 N 2240
Магнитогорская улица;-
улица Майкова;-
Майская улица;2019;Постановление администрации г. Владивостока от 07.06.2019 N 2240
улица Майора Филипова;2019;Постановление администрации г. Владивостока от 07.06.2019 N 2240
улица Маковского;1924;Отмечена без названия на плане 1902 г. Как ул. Маковского упоминается в справочнике 1924 г.;wikimapia
переулок Маковского;-
Максимовича улица;2017;Постановление администрации г. Владивостока от 07.04.2017 N 948
улица Малика;2016;Постановление администрации г. Владивостока от 08.04.2016 N 1063
Малиновая улица;-
улица Мамонтова;2022;Постановление администрации г. Владивостока от 11.02.2022 N 285
Маньчжурская улица;1990;Образована 19 января 1990 г.;wikimapia
улица Маргаритова;2020;Постановление администрации г. Владивостока от 13.03.2020 N 1033
улица Марины Расковой;1938;Образована 08.12.1938;wikimapia
улица Марченко;1999;Как ул. Тормозная упомянута в отчёте от 20 августа 1923 г. Возможно, ещё ранее называлась ул. Верхнеудинской. Оба названия упоминаются в справочнике 1924 г. Переименована в честь В. И. Марченко 20 августа 1999 г.;wikimapia
Математический переулок;-
улица Матросова;1946;Образована 06.07.1946;wikimapia
1-я Матросская улица;1883;в списке 1883
2-я Матросская улица;1883;в списке 1883
3-я Матросская улица;1883;в списке 1883
4-я Матросская улица;1883;в списке 1883
5-я Матросская улица;1883;в списке 1883
6-я Матросская улица;1883;в списке 1883
7-я Матросская улица;1883;в списке 1883
улица Махалина;1941;с конца XIX века до 12.02.1941 – Манджурская;https://t.me/ochkuryvl/3626
улица Маяковского;-
Медовая улица;2016;Постановление администрации г. Владивостока от 08.04.2016 N 1063
Междугородняя улица;-
Мезенская улица;-
Мельниковская улица;1924;https://t.me/vvtopo/177 в списке 1924 — ул. Мельникова
улица Менделеева;-
улица Металлистов;1925;Изначально Петропавловская. Образована на месте засыпанного в период с 1900 по 1902 гг. оврага. 18 августа 1908 г. переименована в Мещанскую (или Мещанский переулок). Получила своё современное название в 1925 г.;wikimapia
Металлургическая улица;1954;Упомянута в списке 1954 г.;wikimapia
Метельная улица;1956;https://t.me/ochkuryvl/3626
улица Мехлиса;1938;08.12.1938 постановлением Владивостокского городского Совета рабочих, крестьянских и краснофлотских депутатов одна из вновь образованных улиц города в районе Стрелковой Пади была наименована улицей Мехлиса. Умер в 1953 году.;wikimapia
улица Мечникова;-
Милоградовская улица;2020;Постановление администрации г. Владивостока от 13.03.2020 N 1033
Минеральная улица;-
улица Минёров;1956;https://t.me/ochkuryvl/3626
Минная улица;2014;Постановление администрации г. Владивостока от 15.07.2014 N 7237
улица Мира;1957;Изначально ул. Стаханова. Образована 17.11.1937. Переименована между 1957 и 1963 гг.;wikimapia
Мирная улица;-
улица Михайловского;-
Мичуринская улица;-
Мичуринский переулок;-
Могилёвская улица;1924;https://t.me/vvtopo/177
Можайская улица;1956;Образована 20.06.1956 (до 2000 на картах как улица Можайского)
Можжевеловая улица;1924;https://t.me/vvtopo/177
Монтажная улица;1960;Образована 3 января 1960 года.;wikimapia
Мопровская улица;1932;Изначально Софийская. Образована 18 августа 1908 г. в Нахальной слободе. Переименована в ул. Мопровскую 6 ноября 1932 г.;wikimapia
улица Мордовцева;1967;Бывший Косой переулок;https://t.me/vvtopo/233
Мореходная улица;2020;Постановление администрации г. Владивостока от 13.03.2020 N 1033
улица Морозова;1938;Ранее одноимённая улица располагалась по другую сторону от Казанского моста. Отмечена на картах 1917-22 гг. и 1929 года. Упразднена в 1938 году.;wikimapia
1-я Морская улица;1869;из числа самых старых
Московская улица;1907;Образована 3 (18) декабря 1907 года.;wikimapia
Мотыльковая улица;2022;Постановление администрации г. Владивостока от 13.05.2022 N 1044
улица Моцарта;2022;Постановление администрации г. Владивостока от 11.02.2022 N 285
Мраморная улица;-
улица Муравьёва-Амурского;1985;https://t.me/vvtopo/241
Мурманская улица;1955;https://t.me/vvtopo/304
улица Мусоргского;1924;Упомянута в справочнике 1924 г.;wikimapia
Мысовая улица;-
улица Мыс Кунгасный;1938;Образована 13 августа 1938 г.;wikimapia
улица Мыс Чумака;1938;Изначально — ул. Мыс Филимонова. Упомянута в справочнике 1922 г. Переименована вместе с мысом 13 августа 1938 г.;wikimapia
Набережная улица;1891;упомянута в списке улиц за этот год
улица Надарова;2019;Постановление администрации г. Владивостока от 07.06.2019 N 2240
улица Надибаидзе;1964;? https://t.me/vvtopo/225 https://t.me/vvtopo/31
Нарвская улица;1955;https://t.me/vvtopo/304
Народный проспект;1907;https://t.me/vvtopo/138
улица Нахимова;-
Находкинская улица;1956;https://t.me/ochkuryvl/3626
Небесный переулок;-
улица Невельского;1985;https://t.me/vvtopo/257
Невская улица;1924;https://t.me/vvtopo/176
Нежинская улица;1924;https://t.me/vvtopo/177
улица Нейбута;1982;Образована 22 июля 1982 г.;wikimapia
Некрасовская улица;1907;wikimapia
Некрасовский переулок;1968;Выделен в самостоятельный переулок 21 ноября 1968 г.;wikimapia
Нектарная улица;2017;Постановление администрации г. Владивостока от 07.04.2017 N 948
Неманская улица;1956;https://t.me/ochkuryvl/3626
Нерчинская улица;1907;была Яниса Лациса с 1980 по 1992 годы;
улица Нестерова;1954;Образована 24 сентября 1954 г.;wikimapia
Нефритовая улица;2022;Постановление администрации г. Владивостока от 11.02.2022 N 285
улица Нефтеветка;-
Нижнепортовая улица;1921;Отмечена без названия на плане 1915 г. Как Нижнепортовая отмечена на плане 1921 г.;wikimapia
Низинная улица;2017;Постановление администрации г. Владивостока от 07.04.2017 N 948
улица Никитина;-
улица Никифорова;1982;Переименована из Плотничьей или из Часовитина в честь Петра Никифорова 2 декабря 1982 г.;wikimapia
улица Николая Буйневича;2024;Постановление администрации г. Владивостока от 19.04.2024 N 951
улица Новицкого;-
Новгородский переулок;-
улица Новожилова;1985;https://t.me/vvtopo/301
Новоивановская улица;1957;Упомянута в списке 1957 г.;wikimapia
Новороссийская улица;2016;Постановление администрации г. Владивостока от 08.04.2016 N 1063
Облачный переулок;-
Обзорная улица;2022;Постановление администрации г. Владивостока от 13.05.2022 N 1044
Облепиховая улица;-
улица Обручева;1956;https://t.me/ochkuryvl/3626
Объездной переулок;2022;Постановление администрации г. Владивостока от 11.02.2022 N 285
Овражная улица;-
улица Овчинникова;1971;до того – Мор-городской проезд (https://t.me/ochkuryvl/3626)
улица Огарёва;1907;Образована 3 (18) декабря 1907 г. как Огарёвская;wikimapia
Одесская улица;1924;https://t.me/vvtopo/177
Одиннадцатая улица;-
Озёрная улица;-
Окатовая улица;1924;https://t.me/vvtopo/177
Океанский проспект;1907;https://t.me/vvtopo/138
Октябрьская улица;1932;https://t.me/vvtopo/53
улица Окуджавы;2021;Постановление администрации г. Владивостока от 01.02.2021 N 288
улица Олега Кошевого;1949;Образована 6 мая 1949 г.;wikimapia
Ольгинский переулок;2023;Постановление администрации г. Владивостока от 15.08.2023 N 2056
Ольховая улица;1924;https://t.me/vvtopo/177
Опаловая улица;2016;Постановление администрации г. Владивостока от 08.04.2016 N 1063
Опорная улица;-
Орбитальная улица;-
Ореховый переулок;1924;https://t.me/vvtopo/177
Осиновая улица;-
улица Островского;1923;Впервые упомянута в отчёте от 20 августа 1923 г.;wikimapia
Острогорная улица;1958;Образована 8 февраля 1958 г.;wikimapia
проспект Острякова;1965;до этого Северный проспект
Отлогая улица;-
Отрадная улица;2019;Постановление администрации г. Владивостока от 07.06.2019 N 2240
Охотский переулок;-
Очаковская улица;1924;Упомянута в справочнике 1924 г.;wikimapia
переулок Павленко;1980;в честь революционера и главврача горбольницы К.Н.Павленко;решение Приморского крайисполкома от 07.07.80 № 523 "0 переименовании Врачебного переулка в улицу Павленко"
улица Паллады;1990;Образована 25.05.1990;wikimapia
улица Пальчевского;-
улица Панфилова;1950;Образована 21.07.1950;wikimapia
Парашютная улица;-
Паровозная улица;-
Партизанский проспект;1924;https://t.me/vvtopo/177; бывший Николаевский
Партизанская улица;-
Парусная улица;1990;Образована 25.05.1990;wikimapia
улица Пархоменко;1941;https://t.me/ochkuryvl/3626
переулок Пархоменко;-
Пасечная улица;2017;Постановление администрации г. Владивостока от 07.04.2017 N 948
улица Патрокл;1924;https://t.me/vvtopo/176
улица Паустовского;2023;Постановление администрации г. Владивостока от 15.08.2023 N 2056
улица Пацаева;1971;https://t.me/ochkuryvl/3626
Пейзажная улица;2022;Постановление администрации г. Владивостока от 11.02.2022 N 285
Первая улица;-
Перекопский переулок;-
Перепелиная улица;2021;Постановление администрации г. Владивостока от 01.02.2021 N 288
Персиковая улица;2016;Постановление администрации г. Владивостока от 08.04.2016 N 1063
улица Пестеля;1917;Образована в 1917 году. Как пер. Пестеля впервые упоминается в отчете от 20.08.1923;wikimapia
улица Петра Великого;1909;Изначально ул. Прудовая. Переименована 21 июля 1909 г. в честь 200-летия Полтавской битвы; wikimapia
Печорская улица;-
Пилотажный переулок;-
Пионерская улица;-
Пионовая улица;2021;Постановление администрации г. Владивостока от 01.02.2021 N 288
улица Пирогова;-
Писаревская улица;-
Пихтовая улица;1924;https://t.me/vvtopo/176
Планерная улица;-
улица Плеханова;-
улица Плещеева;-
Поворотный переулок;2024;Постановление администрации г. Владивостока от 19.04.2024 N 951
Пограничная улица;1941;до того – часть Корейской улицы (https://t.me/ochkuryvl/3626)
Подгорная улица;-
Подъемная улица;-
улица Пожарского;
Покатая улица;-
Полевая улица;-
Полезный переулок;2021;Постановление администрации г. Владивостока от 01.02.2021 N 288
улица Поленова;-
улица Полетаева;1924;упоминается в справочнике 1924 г.;wikimapia
переулок Полетаева;-
улица Полины Осипенко;1938;Образована 8 декабря 1938 г.;wikimapia
улица Полковника Фесюна;2023;Постановление администрации г. Владивостока от 30.01.2023 N 182
Пологая улица;1908;есть в списке 1908
улица Полонского;1923;Упомянута в отчёте от 20.08.1923;wikimapia
Полтавская улица;1924;https://t.me/vvtopo/177
Полярная улица;1939;Отмечена на плане 1939 г.;wikimapia
Попутная улица;2022;Постановление администрации г. Владивостока от 11.02.2022 N 285
Посадская улица;-
1-я Поселковая улица;1954;до этого Змеиногорская и просто Поселковая;wikimapia
2-я Поселковая улица;1938;Образована 13 августа 1938 г.;wikimapia
3-я Поселковая улица;1957;Упомянута в списке 1957 г.;wikimapia
Поселковый переулок;1968;Упомянут в списке 1968 г.;wikimapia
улица Постышева;1964;Переименована из Ишимской 30.09.1964;wikimapia
Посьетская улица;1869;есть в списке 1891 и 1908 года
Потийская улица;-
Почтовая улица;1996;https://t.me/ochkuryvl/3626
Почтовый переулок;-
улица Пояркова;2021;Постановление администрации г. Владивостока от 01.02.2021 N 288
Правобережная улица;-
улица Прапорщика Комарова;1891;в списке 1891 года Комаровская
Пржевальского улица;-
Прибрежная улица;-
Приветливая улица;2022;Постановление администрации г. Владивостока от 11.02.2022 N 285
1-я Пригородная улица;-
2-я Пригородная улица;-
3-я Пригородная улица;-
4-я Пригородная улица;-
Призовая улица;2019;Постановление администрации г. Владивостока от 07.06.2019 N 2240
Приморская улица;1968;Переименована из Поселковой 17 октября 1968 г.;wikimapia
улица Приходько;1985;https://t.me/vvtopo/241
Причальная улица;1990;25 мая 1990 года
улица Пришвина;2018;Постановление администрации г. Владивостока от 07.06.2018 N 1744
улица Прокофьева;2021;Постановление администрации г. Владивостока от 01.02.2021 N 288
Промежуточная улица;-
Промысловая улица;2020;Постановление администрации г. Владивостока от 13.03.2020 N 1033
Промышленная 1-я улица;-
Промышленная 2-я улица;-
Проселочная улица;-
Просторная улица;2017;Постановление администрации г. Владивостока от 07.04.2017 N 948
Проточная улица;-
переулок Профессора Вологдина В.П.;2022;Постановление администрации г. Владивостока от 13.05.2022 N 1044
улица Профессора Куренцова;-
улица Профессора Шапкина;2016;Постановление администрации г. Владивостока от 08.04.2016 N 1063
1-я Проходная улица;-
2-я Проходная улица;-
3-я Проходная улица;-
4-я Проходная улица;-
5-я Проходная улица;-
улица Пугачева;-
Пушкинская улица;1899;https://t.me/vvtopo/227
Пятая улица;-
Пятнадцатая улица;-
9-я Рабочая улица;1906;https://t.me/vvtopo/279
10-я Рабочая улица;1906;https://t.me/vvtopo/279
13-я Рабочая улица;1906;https://t.me/vvtopo/279
Радарный переулок;-
улица Радио;1954;Образована 27 августа 1954 г.;wikimapia
переулок Радио;-
улица Радиостанция;-
Радостная улица;2021;Постановление администрации г. Владивостока от 01.02.2021 N 288
Радужная улица;-
Радужный переулок;-
улица Раевского;-
Раздольная улица;2023;Постановление администрации г. Владивостока от 30.01.2023 N 182
улица Разина;-
Ракетная улица;1957;Изначально ул. Водопьянова. Образована 17.11.1937. Переименована 19.11.1957 года.;wikimapia
Ракитная улица;1924;https://t.me/vvtopo/177
Рассветная улица;-
улица Расула Гамзатова;2023;Постановление администрации г. Владивостока от 15.08.2023 N 2056
улица Рахманинова;2021;Постановление администрации г. Владивостока от 01.02.2021 N 288
Режицкая улица;-
Рейдовая улица;1990;Образована 25 мая 1990 года.;wikimapia
улица Репина;-
улица Республики;1924;https://t.me/vvtopo/176
Речная улица;2020;Постановление администрации г. Владивостока от 13.03.2020 N 1033
улица Решетникова;2020;Постановление администрации г. Владивостока от 13.03.2020 N 1033
Рионская улица;-
Родниковый переулок;-
улица Роберта Баха;2001;https://t.me/ochkuryvl/3626
Ровная улица;2021;Постановление администрации г. Владивостока от 01.02.2021 N 288
Розничная улица;1923;Отмечена без названия на плане 1915 г. Как ул. Розничная упомянута в отчёте от 20 августа 1923 г.;wikimapia
Розовая улица;1996;https://t.me/ochkuryvl/3626
Розовый переулок;1996;https://t.me/ochkuryvl/3626
Рокадная улица;2022;Постановление администрации г. Владивостока от 11.02.2022 N 285
улица Рокотова;2019;Постановление администрации г. Владивостока от 07.06.2019 N 2240
улица Романтиков;2022;Постановление администрации г. Владивостока от 11.02.2022 N 285
Ромашковая улица;1997;Постановление мэра г. Владивостока Приморского края от 29.05.1997 №1377
Рубиновая улица;2016;Постановление администрации г. Владивостока от 08.04.2016 N 1063
Рубинштейна улица;-
улица Руднева;1965;Изначально - улица Городская. Впервые упоминается в списке 1924 года. Переименована 8 мая 1965 года.;wikimapia
улица Русанова;2023;Постановление администрации г. Владивостока от 30.01.2023 N 182
Русская улица;1960;Переименована из Великорусской 15 июля 1960 г.;wikimapia
Ручейный переулок;2023;Постановление администрации г. Владивостока от 30.01.2023 N 182
Рыбацкая улица;-
Рыбацкий переулок;-
Рыбинская улица;-
улица Рылеева;1917;Изначально — южная часть Посьетской ул. Выделена в самостоятельную улицу в 1917 году.;wikimapia
Рюриковская улица;-
Ряжская улица;-
улица Сабанеева;1981;https://t.me/vvtopo/184
улица Саврасова;2025;Постановление администрации г. Владивостока от 01.04.2025 N 880
Садгородская улица;-
Садовая улица;1972;Изначально 1-я Садовая. Образована 3 (18) декабря 1907 года. Переименована в Садовую не ранее 1972 года. Изначально начиналась у кольца Первой речки.;wikimapia
Садовый переулок;-
улица Садовый Тупик;1923;Изначально Садовый пер. Образован 18 августа 1908 года в Нахальной слободе. Как тупик впервые упомянут в отчёте от 20 августа 1923 г.;wikimapia
улица Салтыкова;-
Самаргинская улица;2020;Постановление администрации г. Владивостока от 13.03.2020 N 1033
Самарская улица;1923;Впервые упомянута в отчёте от 20 августа 1923 г.;wikimapia
Саперная улица;-
Сапфировая улица;2023;Постановление администрации г. Владивостока от 30.01.2023 N 182
Саратовская улица;1923;Упомянута в отчёте от 20 августа 1923 г.;wikimapia
улица Саульского;2021;Постановление администрации г. Владивостока от 01.02.2021 N 288
улица Сафонова;1954;https://t.me/vvtopo/301
Сахалинская улица;1954;Образована 6 августа 1954 г.;wikimapia
улица Сахарный Ключ;-
улица Свердлова;-
Светланская улица;1873;в память о Великом князе Алексее Александровиче и фрегате «Светлана».
Светланский переулок;1985;https://t.me/vvtopo/241
Свободная улица;2021;Постановление администрации г. Владивостока от 01.02.2021 N 288
улица Связи;1938;Образована 13 августа 1938 г.;wikimapia
Севастопольская улица;-
1-я Северная улица;-
3-я Северная улица;-
Североморская улица;2016;Постановление администрации г. Владивостока от 08.04.2016 N 1063
Северо-Суйфунская улица;-
Севская улица;-
Седьмая улица;-
Селенгинская улица;1906;https://t.me/vvtopo/279
Сельская улица;1924;https://t.me/vvtopo/176
Семёновская улица;1869;из числа самых старых улиц
улица Семирадского;-
улица Серова;-
Сеульская улица;1921;Отмечена на карте 1921 г. Упомянута как упразднённая в списке 1938 г.;wikimapia
Сибирская улица;-
Сигнальная улица;2020;Постановление администрации г. Владивостока от 13.03.2020 N 1033
Симбирская улица;-
улица Синичкина;2021;Постановление администрации г. Владивостока от 01.02.2021 N 288
улица Сипягина;1971;https://t.me/vvtopo/262
Сиреневая улица;-
Скатная улица;-
Скатный переулок;-
Скворцовая улица;2021;Постановление администрации г. Владивостока от 01.02.2021 N 288
улица Скрябина;2021;Постановление администрации г. Владивостока от 01.02.2021 N 288
Славная улица;2021;Постановление администрации г. Владивостока от 01.02.2021 N 288
Славянская улица;1883;Упомянута в списке 1883 года.;wikimapia
улица Сладкова;2021;Постановление администрации г. Владивостока от 01.02.2021 N 288
Сливовая улица;1996;https://t.me/ochkuryvl/3626
улица Слуцкого;1924;https://t.me/vvtopo/176; в списке 1924 года Слуцкая
переулок Случевского;2021;Постановление администрации г. Владивостока от 01.02.2021 N 288
Смоленская улица;1955;https://t.me/vvtopo/241
улица Снегирева;2021;Постановление администрации г. Владивостока от 01.02.2021 N 288
Снеговая улица;1924;Упомянута в справочнике 1924 года;wikimapia
Советская улица;1929;Переименована в период между 1929 и 1936 гг.;wikimapia
Соколиный переулок;-
Сокольничий переулок;1908;Образован 18 августа 1908 г. в Нахальной слободе.;wikimapia
Солнечная улица;-
Соловьиная улица;2021;Постановление администрации г. Владивостока от 01.02.2021 N 288
Сосновая улица;1924;https://t.me/vvtopo/176
Сопочная улица;-
улица Софьи Перовской;1917;Образована в 1917 г.;wikimapia
Сочинская улица;2016;Постановление администрации г. Владивостока от 08.04.2016 N 1063
Союзная улица;1932;Изначально — ул. Черепановская; проектное название — ул. Порт-Артурская или Артурская. Образована 3 (18) декабря 1907 года. Получила своё современное название в 1932 году.;wikimapia
Спасательная улица;2022;Постановление администрации г. Владивостока от 11.02.2022 N 285
улица Спиридонова;1981;https://t.me/vvtopo/184; до этого 3-я Флотская
улица Адмирала Спиридонова;1981;https://t.me/vvtopo/184; до этого 3-я Флотская
Спокойная улица;2020;Постановление администрации г. Владивостока от 13.03.2020 N 1033
Спортивная улица;1954;Решение исполкома Владивостокского горсовета депутатов трудящихся Nº 382 от 06.08.1954
Спутниковая улица;1996;https://t.me/ochkuryvl/3626
улица Стальского;-
Станичная улица;-
Станционная улица;-
улица Станюковича;1953;переименована из Линейной 15 мая 1953
улица Старцева;-
улица Стравинского;2021;Постановление администрации г. Владивостока от 01.02.2021 N 288
Стрелковая улица;1924;https://t.me/vvtopo/176
Стрелковый переулок;1954;Впервые в упомянут в списке 1954 г.;wikimapia
Стрелочная улица;1923;Упомянута в отчёте от 20 августа 1923 г.;wikimapia
Стрелочный переулок;-
улица Стрельникова;1979;https://t.me/vvtopo/262
2-я Строительная улица;1954;Образована 6 августа 1954 года.;wikimapia
3-я Строительная улица;1954;Образована 6 августа 1954 года.;wikimapia
улица Сурикова;-
улица Сутеева;2025;Постановление администрации г. Владивостока от 01.04.2025 N 880
улица Суханова;1924;https://t.me/vvtopo/177
Сухогрузная улица;2021;Постановление администрации г. Владивостока от 01.02.2021 N 288
Счастливая улица;2020;Постановление администрации г. Владивостока от 13.03.2020 N 1033
Таганрогская улица;2018;Постановление администрации г. Владивостока от 07.06.2018 N 1744
Таёжная улица;-
улица Талалихина;1954;Образована 24 сентября 1954 года. Названа в честь военного летчика героя Советского Союза В. В. Талалихина (1918—1941);wikimapia
Таманская улица;2018;Постановление администрации г. Владивостока от 07.06.2018 N 1744
Тамбовская улица;1955;https://t.me/vvtopo/304
переулок Танеева;2021;Постановление администрации г. Владивостока от 01.02.2021 N 288
Танкерная улица;2021;Постановление администрации г. Владивостока от 01.02.2021 N 288
улица Таривердиева;2021;Постановление администрации г. Владивостока от 01.02.2021 N 288
Татарская улица;-
Тверская улица;-
Теннисная улица;-
Тенистая улица;-
улица Терешковой;1963;https://t.me/vvtopo/206
4-я Террасная улица;-
5-я Террасная улица;-
Тетюхинская улица;-
Тёплая улица;2017;Постановление администрации г. Владивостока от 07.04.2017 N 948
Тигровая улица;1869;из числа самых старых
улица Тимирязева;-
Тисовая улица;1997;Постановление мэра г. Владивостока Приморского края от 29.05.1997 №1377
Тихвинская улица;1955;https://t.me/vvtopo/304
Тихоокеанская улица;2016;Постановление администрации г. Владивостока от 08.04.2016 N 1063
Тобольская улица;1906;https://t.me/vvtopo/279
улица Токаревская Кошка;1957;Упомянута в справочнике 1957 г. По другой версии — образована 25 мая 1990 г.;wikimapia
улица Токаревский Маяк;1977;Впервые обозначена на карте 1977 года;wikimapia
улица Толбухина;-
Толмачева улица;2025;Постановление администрации г. Владивостока от 01.04.2025 N 880
улица Толстого;1907;ул. Толстовская образована 3 (18) декабря 1907 г.;wikimapia
Томская улица;-
Тополевая улица;1924;https://t.me/vvtopo/177
Траловая улица;2024;Постановление администрации г. Владивостока от 19.04.2024 N 951
Трамвайная улица;1923;Упомянута в отчёте от 20 августа 1923 г.;wikimapia
Трансформаторная улица;1950;Образована 21.07.1950;wikimapia
Третья улица;-
Тринадцатая улица;-
Трудовой переулок;-
улица Трудовых Резервов;1954;Изначально Госпитальный пер. или Госпитальная ул. Впервые упомянут в справочнике 1924 г. Переименован 6 августа 1954 года.;wikimapia
Тунгусская улица;1891;в списке 1891
улица Тургенева;1907;Образована 3 (18) декабря 1907 года.;wikimapia
Туристическая улица;2021;Постановление администрации г. Владивостока от 01.02.2021 N 288
Туркменская улица;-
Турмалиновая улица;2020;Постановление администрации г. Владивостока от 13.03.2020 N 1033
улица Тухачевского;1976;22.01.2026 (https://t.me/ochkuryvl/3626)
Тюменская улица;1923;Упомянута в отчёте от 20 августа 1923 г.;wikimapia
улица Тютчева;2021;Постановление администрации г. Владивостока от 01.02.2021 N 288
улица Уборевича;1964;https://t.me/vvtopo/148 до этого Суйфунская
Ужгородская улица;1954;Изначально Бендерская. Переименована 5 февраля 1954 г.;wikimapia 
Узбекская улица;-
Ульяновская улица;-
Уральская улица;-
улица Урицкого;-
улица Успенского;-
Уссурийский переулок;-
Уткинская улица;1924;https://t.me/vvtopo/177 в списке 1924 — Уткина
Учительская улица;2021;Постановление администрации г. Владивостока от 01.02.2021 N 288
Уютная улица;-
улица Фадеева;1971;прежде – Беговая (https://t.me/ochkuryvl/3626)
Фазановая улица;2021;Постановление администрации г. Владивостока от 01.02.2021 N 288
Фанерная улица;-
Фанерный переулок;-
улица Фанзавод;-
Фастовская улица;1924;https://t.me/vvtopo/176
Федеративная улица;-
Феодосийская улица;2018;Постановление администрации г. Владивостока от 07.06.2018 N 1744
улица Ферсмана;2023;Постановление администрации г. Владивостока от 30.01.2023 N 182
улица Фета;-
Фиалковая улица;2021;Постановление администрации г. Владивостока от 01.02.2021 N 288
Фигурная улица;2022;Постановление администрации г. Владивостока от 11.02.2022 N 285
Финвальный переулок;2022;остановлением администрации г. Владивостока от 13.05.2022 N 1044
улица Фирсова;1971;до того – Нижнеишимская (https://t.me/ochkuryvl/3626)
1-я Флотская улица;1923;Упомянута в отчёте от 20 августа 1923 г.;wikimapia
4-я Флотская улица;1923;Впервые упомянута в отчёте от 20 августа 1923 г.;wikimapia
улица Фонвизина;1907;Фонвизинская ул. образована 3 (18) декабря 1907 года.;wikimapia
Фонтанная улица;1891;упомянута в списке улиц;https://t.me/ochkuryvl/3419
Фортовая улица;-
Фрахтовый переулок;2022;Постановление администрации г. Владивостока от 13.05.2022 N 1044
Фруктовая улица;2017;Постановление администрации г. Владивостока от 07.04.2017 N 948
Хабаровская улица;1907;http://wikimapia.org/street/1135996/ru/%D0%A5%D0%B0%D0%B1%D0%B0%D1%80%D0%BE%D0%B2%D1%81%D0%BA%D0%B0%D1%8F-%D1%83%D0%BB
Хабаровский переулок;1975;Изначально Иманский пер. Упомянут в справочнике 1957 года. Переименован 6 февраля 1975 года.;wikimapia
Ханкайская улица;2023;Постановление администрации г. Владивостока от 30.01.2023 N 182
Харьковская улица;1924;https://t.me/vvtopo/177
Хасанский переулок;2020;Постановление администрации г. Владивостока от 13.03.2020 N 1033
Хвойная улица;1996;https://t.me/ochkuryvl/3626
Херсонская улица;1924;Упоминается в справочнике 1924 г.;wikimapia
Хивинская улица;-
Холмистая улица;2014;Постановление администрации г. Владивостока от 15.07.2014 N 7237
Хорольская улица;1962
Художественная улица;-
Хуторская улица;-
Цветочная улица;2021;Постановление администрации г. Владивостока от 01.02.2021 N 288
1-я Центральная улица;-
2-я Центральная улица;-
3-я Центральная улица;-
4-я Центральная улица;-
5-я Центральная улица;-
Цимлянская улица;-
улица Чайковского;-
улица Чапаева;1937;Образована 16 ноября 1937 г.;wikimapia
Чароитная улица;2022;Постановление администрации г. Владивостока от 11.02.2022 N 285
улица Часовитина;1938;Образована 8 декабря 1938 года. По другой версии — переименована в честь Д. Часовитина из ул. Плотничьей 31 июля 1975 г.;wikimapia 
Черёмуховая улица;1924;https://t.me/vvtopo/176
улица Черкавского;1992;24 марта 1992 года
Черниговская улица;2023;Постановление администрации г. Владивостока от 30.01.2023 N 182
Черноморская улица;-
улица Чернышевского;1917;Образована в 1917 г.;wikimapia
улица Черняховского;1946;Образована 6 июля 1946 года. Изначально располагалась юго-западнее. Нынешний участок улицы появился примерно в середине 1980-х гг.;wikimapia
Четвёртая улица;-
Четырнадцатая улица;-
улица Чехова;1907;ул. Чеховская образована 3 (18) декабря 1907 г.;wikimapia
Читинская улица;-
улица Чкалова;1937;Образована 16 ноября 1937 г.;wikimapia
Чукотская улица;1957;Образована 13 февраля 1957 г.;wikimapia
Чуркинский переулок;1924;Упомянут в справочнике 1924 г.;wikimapia
Шахтерская улица;-
Шахтовая улица;-
Шахтовый переулок;-
Швартовая улица;2022;Постановление администрации г. Владивостока от 11.02.2022 N 285
улица Шевелёва;-
улица Шевченко;-
переулок Шевченко;1930;год условный из 1923-1936 (до этого Комаровский тупик);wikimapia
Шелковичная улица;2016;Постановление администрации г. Владивостока от 08.04.2016 N 1063
улица Шепеткова;1975;https://t.me/vvtopo/241
Шестая улица;-
Шилкинская улица;1906;https://t.me/vvtopo/279
переулок Шимкевича;2025;Постановление администрации г. Владивостока от 01.04.2025 N 880
Широкая улица;2023;Постановление администрации г. Владивостока от 30.01.2023 N 182
Широколиственная улица;2021;Постановление администрации г. Владивостока от 01.02.2021 N 288
улица Шишкина;-
улица Шкипера Гека;1987;Изначально 3-я Портовая. Обозначена на плане 1900 года. Как ул. Портовая упомянута в отчёте от 20 августа 1923 г. В источниках 1950–1960-х гг. вновь упоминается как 3-я Портовая. Переименована 9 октября 1987 г.;wikimapia
Школьный переулок;1923;Упомянут в отчёте от 20 августа 1923 г.;wikimapia
Шкотовская улица;-
Шкотовский переулок;1956;https://t.me/ochkuryvl/3626
Штилевая улица;1956;https://t.me/ochkuryvl/3626
Штормовая улица;1956;https://t.me/ochkuryvl/3626
1-я Шоссейная улица;-
2-я Шоссейная улица;-
3-я Шоссейная улица;-
улица Шостаковича;2021;Постановление администрации г. Владивостока от 01.02.2021 N 288
улица Шошина;1979;Переименована в ул. Шошина из Штилевой в 1979 г.;wikimapia
Шуйская улица;-
улица Щедрина;-
Щитовая улица;-
улица Щорса;1941;https://t.me/ochkuryvl/3626
Экипажная улица;1891;в списке 1891
2-я Южная улица;-
3-я Южная улица;-
Южно-Уральская улица;-
Яблоневая улица;-
улица Яблочкова;1950;Образована 21.07.1950. Названа в честь русского электротехника, изобретателя и предпринимателя Яблочкова Павла Николаевича (1847-1894).;wikimapia
Ягодная улица;2020;Постановление администрации г. Владивостока от 13.03.2020 N 1033
Яковлевский переулок;2022;Постановление администрации г. Владивостока от 13.05.2022 N 1044
Якутская улица;2022;Постановление администрации г. Владивостока от 13.05.2022 N 1044
Ялтинская улица;1924;https://t.me/vvtopo/176
улица Янковского;-
Ярославская улица;-
переулок Ярошенко;2023;Постановление администрации г. Владивостока от 30.01.2023 N 182
Ясеневая улица;1924;Упоминается в справочнике 1924 г.;wikimapia
Ясная улица;2022;Постановление администрации г. Владивостока от 11.02.2022 N 285
Ясный переулок;-
Яхтовая улица;-
Яшмовый переулок;2023;Постановление администрации г. Владивостока от 30.01.2023 N 182
улица 20 лет ВЛКСМ;1938
улица 40 лет ВЛКСМ;1958;
улица 50 лет ВЛКСМ;1968
улица 60 лет ВЛКСМ;1978
проспект 100-летия Владивостока;1960;Бывшие улицы Областная и Донская переименованы в проспект 15 июля 1960 года.;wikimapia
Золотой мост;2012;Утверждено комиссией по городской топонимике 3 сентября 2012 г.
Русский мост;2012;Утверждено комиссией по городской топонимике 3 сентября 2012 г.
Гладкий переулок;2025;Постановление главы города от 22.12.2025 №3618
Осенняя улица;2025;Постановление главы города от 22.12.2025 №3618
Кленовая улица;2025;Постановление главы города от 22.12.2025 №3618
Урожайная улица;2025;Постановление главы города от 22.12.2025 №3618
Еловый переулок;2025;Постановление главы города от 22.12.2025 №3618
Красочный переулок;2025;Постановление главы города от 22.12.2025 №3618
Кристальная улица;2025;Постановление главы города от 22.12.2025 №3618

Адмиральская улица;2018;Постановление администрации г. Владивостока от 07.06.2018 N 1744
улица Академика Касьянова;2014;Постановление администрации г. Владивостока от 15.07.2014 N 7237
Амурская улица;2006;Постановление главы администрации г. Владивостока от 28.06.2006 №1365
Архитектурная улица;2018;Постановление администрации г. Владивостока от 07.06.2018 N 1744
Аэродромная улица;2006;Постановление главы администрации г. Владивостока от 28.06.2006 №1365
посёлок Аякс;2006;Постановление главы администрации г. Владивостока от 28.06.2006 №1365
улица Балабина;2020;Постановление администрации г. Владивостока от 13.03.2020 N 1033
Верхненабережная улица;2006;Постановление главы администрации г. Владивостока от 28.06.2006 №1365
посёлок Воевода;2006;Постановление главы администрации г. Владивостока от 28.06.2006 №1365
улица Ворошиловская батарея;2021;Постановление администрации г. Владивостока от 01.02.2021 N 288
улица Героя России Жоги;2023;Постановление администрации г. Владивостока от 30.01.2023 N 182
улица Гродекова;2019;Постановление администрации г. Владивостока от 07.06.2019 N 2240 (но 2001 https://t.me/ochkuryvl/3626)
улица Духовского;2023;Постановление администрации г. Владивостока от 15.08.2023 N 2056 (но 2001 https://t.me/ochkuryvl/3626)
остров Елены;2006;Постановление главы администрации г. Владивостока от 28.06.2006 №1365
улица Ефрейтора Нуштаева;2024;Постановление администрации г. Владивостока от 19.04.2024 N 951
Живописный переулок;2018;Постановление администрации г. Владивостока от 07.06.2018 N 1744
посёлок Житкова;2006;Постановление главы администрации г. Владивостока от 28.06.2006 №1365
Зелёная улица;2006;Постановление главы администрации г. Владивостока от 28.06.2006 №1365
посёлок Канал;2006;Постановление главы администрации г. Владивостока от 28.06.2006 №1365
Капитанская улица;2018;Постановление администрации г. Владивостока от 07.06.2018 N 1744
Крепостная улица;2025;Постановление главы города от 22.12.2025 №3618
Кронштадтская улица;2018;Постановление администрации г. Владивостока от 07.06.2018 N 1744
Кучерявенко переулок;2020;Постановление администрации г. Владивостока от 13.03.2020 N 1033
посёлок КЭТ;2006;Постановление главы администрации г. Владивостока от 28.06.2006 №1365
Лесная улица;2006;Постановление главы администрации г. Владивостока от 28.06.2006 №1365
Литературная улица;2018;Постановление администрации г. Владивостока от 07.06.2018 N 1744
переулок Матюшина;2020;Постановление администрации г. Владивостока от 13.03.2020 N 1033
посёлок Мелководный;2006;Постановление главы администрации г. Владивостока от 28.06.2006 №1365
посёлок Минка;2006;Постановление главы администрации г. Владивостока от 28.06.2006 №1365
улица Михаила Щербакова;2018;Постановление администрации г. Владивостока от 07.06.2018 N 1744
улица Морских пехотинцев;2024;Постановление администрации г. Владивостока от 19.04.2024 N 951
улица Мыс Доронина;2018;Постановление администрации г. Владивостока от 07.06.2018 N 1744
посёлок Нижний Холуай;2006;Постановление главы администрации г. Владивостока от 28.06.2006 №1365
улица Николая Асеева;2018;Постановление администрации г. Владивостока от 07.06.2018 N 1744
улица Николая Матвеева;2018;Постановление администрации г. Владивостока от 07.06.2018 N 1744
посёлок Парис;2006;Постановление главы администрации г. Владивостока от 28.06.2006 №1365
посёлок Подножье;2006;Постановление главы администрации г. Владивостока от 28.06.2006 №1365
посёлок Поспелово;2006;Постановление главы администрации г. Владивостока от 28.06.2006 №1365
Поэтический переулок;2018;Постановление администрации г. Владивостока от 07.06.2018 N 1744
посёлок Рында;2006;Постановление главы администрации г. Владивостока от 28.06.2006 №1365
Сибирская улица;2006;Постановление главы администрации г. Владивостока от 28.06.2006 №1365
Студенческая улица;2018;Постановление администрации г. Владивостока от 07.06.2018 N 1744
улица Субботича;2023;Постановление администрации г. Владивостока от 15.08.2023 N 2056
Такелажная улица;2022;Постановление администрации г. Владивостока от 13.05.2022 N 1044
Университетский проспект;2022;Постановление администрации г. Владивостока от 13.05.2022 N 1044
посёлок Церковная Падь;2006;Постановление главы администрации г. Владивостока от 28.06.2006 №1365
улица Чингиза Айтматова;2024;Постановление администрации г. Владивостока от 19.04.2024 N 951
посёлок Шигино;2006;Постановление главы администрации г. Владивостока от 28.06.2006 №1365
Шкиперская улица;2018;Постановление администрации г. Владивостока от 07.06.2018 N 1744
Школьная улица;2006;Постановление главы администрации г. Владивостока от 28.06.2006 №1365
Экипажная улица;2006;Постановление главы администрации г. Владивостока от 28.06.2006 №1365

Галечная улица;2021;Постановление администрации г. Владивостока от 01.02.2021 N 288
улица Калинина (Рейнеке);2006;Постановление главы администрации г. Владивостока от 28.06.2006 №1365
Набережная улица (Рейнеке);2006;Постановление главы администрации г. Владивостока от 28.06.2006 №1365
Парковая улица;2006;Постановление главы администрации г. Владивостока от 28.06.2006 №1365
Подгорная улица;2006;Постановление главы администрации г. Владивостока от 28.06.2006 №1365
Пограничная улица (Рейнеке);2006;Постановление главы администрации г. Владивостока от 28.06.2006 №1365
Сахалинская улица (Рейнеке);2006;Постановление главы администрации г. Владивостока от 28.06.2006 №1365

улица Арсеньева (Песчаный);2006;Постановление главы администрации г. Владивостока от 28.06.2006 №1365
Лесная улица (Песчаный);2006;Постановление главы администрации г. Владивостока от 28.06.2006 №1365
Набережная улица (Песчаный);2006;Постановление главы администрации г. Владивостока от 28.06.2006 №1365
Нагорная улица;2006;Постановление главы администрации г. Владивостока от 28.06.2006 №1365
Овражная улица;2006;Постановление главы администрации г. Владивостока от 28.06.2006 №1365
Строительная улица;2006;Постановление главы администрации г. Владивостока от 28.06.2006 №1365
улица Унковского;2025;Постановление администрации г. Владивостока от 01.04.2025 N 880
Школьная улица (Песчаный);2006;Постановление главы администрации г. Владивостока от 28.06.2006 №1365
улица Топографа Мерзлякова;2023;Постановление администрации г. Владивостока от 30.01.2023 N 182
улица Тупик;2006;Постановление главы администрации г. Владивостока от 28.06.2006 №1365
улица Августа Менарда;2020;Постановление администрации г. Владивостока от 13.03.2020 N 1033

Бассейная улица;2006;Постановление главы администрации г. Владивостока от 28.06.2006 №1365
улица Бухта Алексеева;2021;Постановление администрации г. Владивостока от 01.02.2021 N 288
Заводская улица;2006;Постановление главы администрации г. Владивостока от 28.06.2006 №1365
Калининская улица;2006;Постановление главы администрации г. Владивостока от 28.06.2006 №1365
Ленинская улица (о. Попова);2006;Постановление главы администрации г. Владивостока от 28.06.2006 №1365
Лесная улица (о. Попова);2006;Постановление главы администрации г. Владивостока от 28.06.2006 №1365
улица Маяк;2006;Постановление главы администрации г. Владивостока от 28.06.2006 №1365
Морская улица;2006;Постановление главы администрации г. Владивостока от 28.06.2006 №1365
Морской переулок;2006;Постановление главы администрации г. Владивостока от 28.06.2006 №1365
Набережная улица (о. Попова);2006;Постановление главы администрации г. Владивостока от 28.06.2006 №1365
Новая улица;2006;Постановление главы администрации г. Владивостока от 28.06.2006 №1365
Ольховая улица (о. Попова);2006;Постановление главы администрации г. Владивостока от 28.06.2006 №1365
Подгорная улица;2006;Постановление главы администрации г. Владивостока от 28.06.2006 №1365
Садовая улица;2006;Постановление главы администрации г. Владивостока от 28.06.2006 №1365
Советская улица;2006;Постановление главы администрации г. Владивостока от 28.06.2006 №1365
Солнечная улица;2006;Постановление главы администрации г. Владивостока от 28.06.2006 №1365

Авангардная улица;2023;Постановление администрации г. Владивостока от 15.08.2023 N 2056
Агатовая улица;1996;https://t.me/ochkuryvl/3626
улица Академика Королёва;-
Алданская улица;2018;Постановление администрации г. Владивостока от 07.06.2018 N 1744
Альпийская улица;2014;Постановление администрации г. Владивостока от 15.07.2014 N 7237
Араратский переулок;2020;Постановление администрации г. Владивостока от 13.03.2020 N 1033
Арктическая улица;2021;Постановление администрации г. Владивостока от 01.02.2021 N 288
улица Архипова;2020;Постановление администрации г. Владивостока от 13.03.2020 N 1033
Балканская улица;2020;Постановление администрации г. Владивостока от 13.03.2020 N 1033
улица Баталина;2022;Постановление администрации г. Владивостока от 11.02.2022 N 285
Бирюзовая улица;1996;https://t.me/ochkuryvl/3626
Беговая улица;-
улица Бекетова;2022;Постановление администрации г. Владивостока от 11.02.2022 N 285
Благодатная улица;2019;Постановление администрации г. Владивостока от 07.06.2019 N 2240
улица Боровиковского;2020;Постановление администрации г. Владивостока от 13.03.2020 N 1033
Ботаническая улица;2020;Постановление администрации г. Владивостока от 13.03.2020 N 1033
Булатная улица;2019;Постановление администрации г. Владивостока от 07.06.2019 N 2240
Былинная улица;2019;Постановление администрации г. Владивостока от 07.06.2019 N 2240
улица Василия Зверева;-;(абзац введен Постановление администрации г. Владивостока от 07.06.2019 N 2240)
улица Василия Рябова;-;(абзац введен Постановление администрации г. Владивостока от 07.06.2019 N 2240)
улица Венецианова;2019;Постановление администрации г. Владивостока от 07.06.2019 N 2240
Верхоянская улица;2018;Постановление администрации г. Владивостока от 07.06.2018 N 1744
улица Гайдара;-
Гималайская улица;2020;Постановление администрации г. Владивостока от 13.03.2020 N 1033
Голецкий переулок;2020;Постановление администрации г. Владивостока от 13.03.2020 N 1033
улица Грибоедова;-
Даурская улица;2020;Постановление администрации г. Владивостока от 13.03.2020 N 1033
улица Дружбы;1996;https://t.me/ochkuryvl/3626
улица Дунаевского;-
Жасминовая улица;-
Женьшеневая улица;1996;https://t.me/ochkuryvl/3626
Жемчужная улица;1996;https://t.me/ochkuryvl/3626
Жемчужный переулок;-
Заветная улица;2019;Постановление администрации г. Владивостока от 07.06.2019 N 2240
Заповедная улица;2020;Постановление администрации г. Владивостока от 13.03.2020 N 1033
Затонная улица;2023;Постановление администрации г. Владивостока от 30.01.2023 N 182
Изумрудная улица;1996;https://t.me/ochkuryvl/3626
Иннокентьевская улица;1997;Прежнее название — ул. Вострецова. Переименована в рамках устранения дублей при присоединении Трудового;Постановление мэра г. Владивостока Приморского края от 29.05.1997 №1377
Казбекский переулок;2020;Постановление администрации г. Владивостока от 13.03.2020 N 1033
Камчатская улица;1906;https://t.me/vvtopo/279
Камышовая улица;2021;Постановление администрации г. Владивостока от 01.02.2021 N 288
Канонерская улица;2023;Постановление администрации г. Владивостока от 30.01.2023 N 182
улица Капитана Орликовой;2022;Постановление администрации г. Владивостока от 13.05.2022 N 1044
Карла Маркса улица;-
Карпатская улица;2020;Постановление администрации г. Владивостока от 13.03.2020 N 1033
улица Кипренского;2020;Постановление администрации г. Владивостока от 13.03.2020 N 1033
улица Клары Цеткин;-
Клубная улица;-
Кольцевая улица;-
Кольцевой переулок;-
Коралловая улица;-
улица Краснова;2022;Постановление администрации г. Владивостока от 11.02.2022 N 285
улица Кулибина;-
Курильская улица;-
Курортная улица;2019;Постановление администрации г. Владивостока от 07.06.2019 N 2240
улица Курчатова;-
Кустовой переулок;2020;Постановление администрации г. Владивостока от 13.03.2020 N 1033
улица Кустодиева;2020;Постановление администрации г. Владивостока от 13.03.2020 N 1033
улица Лаксмана;2022;Постановление администрации г. Владивостока от 11.02.2022 N 285
Леерная улица;2021;Постановление администрации г. Владивостока от 01.02.2021 N 288
улица Лермонтова;1961;Изначально — Советская ул. Переименована в ул. Лермонтова не ранее 1961 года.;wikimapia
Летний переулок;2020;Постановление администрации г. Владивостока от 13.03.2020 N 1033
Лиановая улица;2020;Постановление администрации г. Владивостока от 13.03.2020 N 1033
Ливадийская улица;2019;Постановление администрации г. Владивостока от 07.06.2019 N 2240
Лиманная улица;1997;Прежнее название Набережная. Переименована в рамках устранения дублей при присоединении Трудового;Постановление мэра г. Владивостока Приморского края от 29.05.1997 №1377
Лиственный переулок;2020;Постановление администрации г. Владивостока от 13.03.2020 N 1033
Майкопская улица;2019;Постановление администрации г. Владивостока от 07.06.2019 N 2240
Малахитовая улица;1996;https://t.me/ochkuryvl/3626
улица Мандельштама;2022;Постановление администрации г. Владивостока от 11.02.2022 N 285
Мачтовая улица;2020;Постановление администрации г. Владивостока от 03.06.2020 N 1992
Минская улица;-
Мостовая улица;-
Муссонная улица;1997;Прежнее название Зелёная. Переименована в рамках устранения дублей при присоединении Трудового;Постановление мэра г. Владивостока Приморского края от 29.05.1997 №1377
улица Мясоедова;2020;Постановление администрации г. Владивостока от 13.03.2020 N 1033
Надеждинская улица;1997;Прежнее название — ул. Расковой. Переименована в рамках устранения дублей при присоединении Трудового;Постановление мэра г. Владивостока Приморского края от 29.05.1997 №1377
Облачная улица;2019;Постановление администрации г. Владивостока от 07.06.2019 N 2240
Овражная улица;-
Ореховая улица;-
Охотская улица;-
Палубная улица;2021;Постановление администрации г. Владивостока от 01.02.2021 N 288
Памирская улица;2018;Постановление администрации г. Владивостока от 07.06.2018 N 1744
Папоротниковая улица;2021;Постановление администрации г. Владивостока от 01.02.2021 N 288
Первоцветная улица;2020;Постановление администрации г. Владивостока от 13.03.2020 N 1033
Перевальная улица;2020;Постановление администрации г. Владивостока от 13.03.2020 N 1033
улица Перова;2020;Постановление администрации г. Владивостока от 13.03.2020 N 1033
Петропавловская улица;-
Петропавловский переулок;-
Пиренейская улица;2018;Постановление администрации г. Владивостока от 07.06.2018 N 1744
Покровская улица;1997;Бывшая Поселковая. Переименована в рамках устранения дублей при присоединении Трудового;Постановление мэра г. Владивостока Приморского края от 29.05.1997 №1377
Полуденная улица;1997;Прежнее название — ул. Гризодубовой. Переименована в рамках устранения дублей при присоединении Трудового;Постановление мэра г. Владивостока Приморского края от 29.05.1997 №1377
Понтийская улица;2023;Постановление администрации г. Владивостока от 30.01.2023 N 182
Порт-Артурская улица;1997;Прежнее название Восточная. Переименована в рамках устранения дублей при присоединении Трудового;Постановление мэра г. Владивостока Приморского края от 29.05.1997 №1377
Прибойная улица;2024;Постановление администрации г. Владивостока от 19.04.2024 N 951
Прямой переулок;2020;Постановление администрации г. Владивостока от 13.03.2020 N 1033
Путятинская улица;1997;Прежнее название — улица Постышева. Переименована в рамках устранения дублей при присоединении Трудового;Постановление мэра г. Владивостока Приморского края от 29.05.1997 №1377
улица Пшеницына;-
Рифовая улица;2021;Постановление администрации г. Владивостока от 01.02.2021 N 288
улица Рокоссовского;-
Росистый переулок;2021;Постановление администрации г. Владивостока от 01.02.2021 N 288
Рулевой переулок;2022;Постановление администрации г. Владивостока от 11.02.2022 N 285
Рябиновая улица;-
Саянская улица;2020;Постановление администрации г. Владивостока от 13.03.2020 N 1033
Светлая улица;-
Сейнерная улица;2020;Постановление администрации г. Владивостока от 03.06.2020 N 1992
Скалистый переулок;2020;Постановление администрации г. Владивостока от 13.03.2020 N 1033
Спасская улица;1997;Прежнее название — ул. Кутузова. Переименована в рамках устранения дублей при присоединении Трудового;Постановление мэра г. Владивостока Приморского края от 29.05.1997 №1377
Стахановская улица;-
Суворовская улица;1997;Прежнее название — ул. 50 лет ВЛКСМ. Переименована в рамках устранения дублей при присоединении Трудового;Постановление мэра г. Владивостока Приморского края от 29.05.1997 №1377
Сусанина улица;-
Тельмана улица;-
Тернейская улица;1997;Прежнее название ул. Осипенко. Переименована в рамках устранения дублей при присоединении Трудового;Постановление мэра г. Владивостока Приморского края от 29.05.1997 №1377
Тибетская улица;2020;Постановление администрации г. Владивостока от 13.03.2020 N 1033
Тимьяновая улица;2020;Постановление администрации г. Владивостока от 13.03.2020 N 1033
Тирольская улица;2020;Постановление администрации г. Владивостока от 13.03.2020 N 1033
Тихая улица;-
Траулерная улица;2020;Постановление администрации г. Владивостока от 13.03.2020 N 1033
улица Тропинина;2019;Постановление администрации г. Владивостока от 07.06.2019 N 2240
Туманная улица;2020;Постановление администрации г. Владивостока от 13.03.2020 N 1033
улица Ушакова;-
Флагманская улица;2018;Постановление администрации г. Владивостока от 07.06.2018 N 1744
Фрегатная улица;2021;Постановление администрации г. Владивостока от 01.02.2021 N 288
улица Фучика;-
улица Чичерина;-
улица Чугаева;-
переулок Чугаева;-
улица Шаляпина;-
Штурманская улица;2021;Постановление администрации г. Владивостока от 01.02.2021 N 288
Эвкалиптовая улица;2020;Постановление администрации г. Владивостока от 13.03.2020 N 1033
улица Энгельса;-
улица Энергетиков;2014;Постановление администрации г. Владивостока от 15.07.2014 N 7237
Южная улица;-
улица Юности;-
Якорная улица;2021;Постановление администрации г. Владивостока от 01.02.2021 N 288
Янтарная улица;1996;https://t.me/ochkuryvl/3626
улица 50 лет Октября;-
